{"stats":{"minecraft:custom":{"minecraft:jump":17,"minecraft:time_since_rest":11124,"minecraft:crouch_one_cm":485,"minecraft:leave_game":3,"minecraft:play_time":11124,"minecraft:sprint_one_cm":4153,"minecraft:time_since_death":11124,"minecraft:walk_one_cm":8122,"minecraft:sneak_time":702,"minecraft:total_world_time":17058,"minecraft:fly_one_cm":299968},"minecraft:used":{"minecraft:redstone":4,"minecraft:green_wool":4,"minecraft:quartz_block":11,"minecraft:repeater":1,"minecraft:cyan_wool":1,"minecraft:pink_wool":3}},"DataVersion":2975}