{"stats":{"minecraft:used":{"minecraft:redstone_torch":235,"minecraft:yellow_wool":592,"minecraft:sticky_piston":6,"minecraft:glass":51,"minecraft:lever":20,"minecraft:black_wool":42,"minecraft:repeater":695,"minecraft:redstone_lamp":36,"minecraft:comparator":48,"minecraft:magenta_wool":693,"minecraft:quartz_slab":5,"minecraft:red_wool":960,"minecraft:light_blue_wool":592,"minecraft:orange_wool":638,"minecraft:green_wool":519,"minecraft:redstone":4754,"minecraft:birch_sign":51,"minecraft:lime_wool":583,"minecraft:oak_sign":1,"minecraft:stone_button":5,"minecraft:quartz_block":168,"minecraft:blue_wool":606,"minecraft:gray_wool":325,"minecraft:cyan_wool":420,"minecraft:purple_wool":623,"minecraft:pink_wool":652},"minecraft:dropped":{"minecraft:birch_sign":2,"minecraft:quartz_block":2,"minecraft:magenta_wool":1,"minecraft:redstone":1},"minecraft:custom":{"minecraft:time_since_rest":685595,"minecraft:sprint_one_cm":9141,"minecraft:crouch_one_cm":7560,"minecraft:play_time":685595,"minecraft:walk_one_cm":50914,"minecraft:sneak_time":47660,"minecraft:drop":6,"minecraft:jump":267,"minecraft:leave_game":31,"minecraft:time_since_death":685595,"minecraft:total_world_time":720932,"minecraft:fly_one_cm":10186706},"minecraft:picked_up":{"minecraft:quartz_block":2}},"DataVersion":2975}