{"stats":{"minecraft:custom":{"minecraft:time_since_rest":969925,"minecraft:sprint_one_cm":13843,"minecraft:crouch_one_cm":16360,"minecraft:play_time":969925,"minecraft:walk_one_cm":91920,"minecraft:sneak_time":71147,"minecraft:drop":7,"minecraft:jump":511,"minecraft:leave_game":37,"minecraft:time_since_death":969925,"minecraft:total_world_time":1018055,"minecraft:fly_one_cm":16031223},"minecraft:used":{"minecraft:redstone_torch":240,"minecraft:yellow_wool":741,"minecraft:sticky_piston":6,"minecraft:glass":52,"minecraft:lever":38,"minecraft:black_wool":105,"minecraft:repeater":900,"minecraft:redstone_lamp":87,"minecraft:comparator":53,"minecraft:magenta_wool":1042,"minecraft:quartz_slab":5,"minecraft:red_wool":1248,"minecraft:light_blue_wool":717,"minecraft:orange_wool":874,"minecraft:green_wool":733,"minecraft:spruce_slab":4,"minecraft:redstone":5844,"minecraft:birch_sign":85,"minecraft:lime_wool":713,"minecraft:oak_sign":1,"minecraft:stone_button":5,"minecraft:quartz_block":353,"minecraft:blue_wool":746,"minecraft:gray_wool":325,"minecraft:granite":114,"minecraft:cyan_wool":546,"minecraft:purple_wool":749,"minecraft:pink_wool":825},"minecraft:picked_up":{"minecraft:quartz_block":2},"minecraft:dropped":{"minecraft:birch_sign":3,"minecraft:quartz_block":2,"minecraft:magenta_wool":1,"minecraft:redstone":1}},"DataVersion":2975}